{
    "r0": 31.502221349087467,
    "th0": 60.75471839466369,
    "b0": 1.1836631528265387
}